{
  "name": "tikslusnotyrious",
  "title": "Tikslus notyrious: Jquery notification pulugin with 7 skins,custom buttons,images and progress bar.",
  "version": "1.0.2",
  "description": "Jquery notification pulugin with custom buttons,images and progress bar. Dispatch multiple messages at once.",
  "homepage": "http://tikslus.com/tikslusnotyrious/",
  "repository": {
    "type": "git",
    "url": "https://github.com/pushpendra10/tikslusnotyrious.git"
  },
  "keywords": [
    "notice",
    "jQuery",
    "notification",
    "progress-bar",
	"sticky-message",
	"fixed-message"
    
  ],
  "author": {
    "name": "Pushpendra Singh Chouhan",
    "email": "pushpendra.as400@gmail.com"
  },
  "licenses": [
    {
      "type": "MIT",
      "url": "https://github.com/pushpendra10/tikslusnotyrious/blob/master/mit-license.txt"
    }
  ],
  "bugs": "https://github.com/pushpendra10/tikslusnotyrious/issues",
  "demo" : "http://tikslus.com/tikslusnotyrious/",
  "docs" : "http://tikslus.com/tikslusnotyrious/",
  "dependencies": {
    "jquery": ">=1.5"
  }
}
